timestamp,frame_id,class_name,confidence,x_min,y_min,x_max,y_max,car_count,truck_count,ambulance_count,fire_hydrant
2024-11-08 00:00:00,0,fire_hydrant,0.76,278,454,552,722,0,0,0,
2024-11-08 00:01:00,1,fire_hydrant,0.88,427,40,447,330,0,0,0,
2024-11-08 00:02:00,2,car,0.73,277,320,306,768,1,0,0,
2024-11-08 00:03:00,3,truck,0.97,71,99,542,526,0,1,0,
2024-11-08 00:04:00,4,truck,0.91,78,187,466,593,0,1,0,
2024-11-08 00:05:00,5,motorbike,0.66,447,396,617,770,0,0,0,
2024-11-08 00:06:00,6,ambulance,0.72,320,481,553,876,0,0,1,
2024-11-08 00:07:00,7,bus,0.99,248,121,701,161,0,0,0,
2024-11-08 00:08:00,8,bus,0.81,141,191,146,211,0,0,0,
2024-11-08 00:09:00,9,fire_hydrant,0.99,307,112,573,209,0,0,0,
2024-11-08 00:10:00,10,ambulance,0.89,432,319,527,603,0,0,1,
2024-11-08 00:11:00,11,ambulance,0.9,210,407,377,875,0,0,1,
2024-11-08 00:12:00,12,motorbike,0.79,157,207,236,281,0,0,0,
2024-11-08 00:13:00,13,car,0.9,51,299,535,342,1,0,0,
2024-11-08 00:14:00,14,fire_hydrant,0.68,435,358,639,772,0,0,0,
2024-11-08 00:15:00,15,motorbike,0.69,457,333,588,533,0,0,0,
2024-11-08 00:16:00,16,motorbike,0.63,62,208,345,604,0,0,0,
2024-11-08 00:17:00,17,ambulance,0.78,476,60,909,101,0,0,1,
2024-11-08 00:18:00,18,motorbike,0.63,69,261,462,567,0,0,0,
2024-11-08 00:19:00,19,car,0.89,206,431,386,464,1,0,0,
2024-11-08 00:20:00,20,motorbike,0.7,91,239,208,329,0,0,0,
2024-11-08 00:21:00,21,car,0.83,89,271,209,336,1,0,0,
2024-11-08 00:22:00,22,fire_hydrant,0.76,398,277,427,354,0,0,0,
2024-11-08 00:23:00,23,ambulance,0.68,431,343,905,575,0,0,1,
2024-11-08 00:24:00,24,ambulance,0.89,200,4,248,220,0,0,1,
2024-11-08 00:25:00,25,motorbike,0.72,458,72,577,79,0,0,0,
2024-11-08 00:26:00,26,ambulance,0.63,251,229,352,693,0,0,1,
2024-11-08 00:27:00,27,fire_hydrant,0.67,373,484,757,872,0,0,0,
2024-11-08 00:28:00,28,fire_hydrant,0.96,372,460,761,547,0,0,0,
2024-11-08 00:29:00,29,car,0.99,258,268,519,487,1,0,0,
2024-11-08 00:30:00,30,truck,0.91,172,401,381,866,0,1,0,
2024-11-08 00:31:00,31,fire_hydrant,0.95,484,428,831,871,0,0,0,
2024-11-08 00:32:00,32,truck,0.66,196,36,479,303,0,1,0,
2024-11-08 00:33:00,33,bus,0.82,473,34,874,59,0,0,0,
2024-11-08 00:34:00,34,bus,0.82,76,77,287,401,0,0,0,
2024-11-08 00:35:00,35,fire_hydrant,0.95,335,395,617,854,0,0,0,
2024-11-08 00:36:00,36,truck,0.91,228,422,441,434,0,1,0,
2024-11-08 00:37:00,37,motorbike,0.77,499,213,874,265,0,0,0,
2024-11-08 00:38:00,38,car,0.99,137,28,508,45,1,0,0,
2024-11-08 00:39:00,39,car,0.7,1,289,131,469,1,0,0,
2024-11-08 00:40:00,40,bus,0.92,87,132,347,491,0,0,0,
2024-11-08 00:41:00,41,motorbike,0.6,294,13,562,494,0,0,0,
2024-11-08 00:42:00,42,bus,0.74,490,377,731,442,0,0,0,
2024-11-08 00:43:00,43,fire_hydrant,0.96,156,182,614,293,0,0,0,
2024-11-08 00:44:00,44,motorbike,0.63,497,450,578,821,0,0,0,
2024-11-08 00:45:00,45,fire_hydrant,0.89,254,378,375,734,0,0,0,
2024-11-08 00:46:00,46,ambulance,0.9,218,425,226,775,0,0,1,
2024-11-08 00:47:00,47,ambulance,0.87,75,216,508,567,0,0,1,
2024-11-08 00:48:00,48,motorbike,0.92,134,356,433,530,0,0,0,
2024-11-08 00:49:00,49,truck,0.82,465,453,886,936,0,1,0,
2024-11-08 00:50:00,50,ambulance,0.77,53,483,380,719,0,0,1,
2024-11-08 00:51:00,51,motorbike,0.88,457,486,639,940,0,0,0,
2024-11-08 00:52:00,52,fire_hydrant,0.87,389,332,583,702,0,0,0,
2024-11-08 00:53:00,53,bus,0.62,256,115,376,224,0,0,0,
2024-11-08 00:54:00,54,motorbike,0.77,8,312,29,503,0,0,0,
2024-11-08 00:55:00,55,ambulance,0.81,401,376,749,412,0,0,1,
2024-11-08 00:56:00,56,truck,0.8,230,402,505,709,0,1,0,
2024-11-08 00:57:00,57,car,0.96,464,360,866,393,1,0,0,
2024-11-08 00:58:00,58,motorbike,0.71,201,88,520,420,0,0,0,
2024-11-08 00:59:00,59,fire_hydrant,0.67,400,30,525,469,0,0,0,
2024-11-08 01:00:00,60,ambulance,0.78,369,27,592,474,0,0,1,
2024-11-08 01:01:00,61,ambulance,0.83,268,324,415,647,0,0,1,
2024-11-08 01:02:00,62,motorbike,0.84,287,427,475,915,0,0,0,
2024-11-08 01:03:00,63,truck,0.91,197,36,385,314,0,1,0,
2024-11-08 01:04:00,64,motorbike,0.7,57,194,420,395,0,0,0,
2024-11-08 01:05:00,65,bus,0.85,483,262,596,620,0,0,0,
2024-11-08 01:06:00,66,truck,0.68,480,141,612,277,0,1,0,
2024-11-08 01:07:00,67,ambulance,0.87,222,14,353,27,0,0,1,
2024-11-08 01:08:00,68,car,0.85,161,471,445,788,1,0,0,
2024-11-08 01:09:00,69,car,0.79,250,429,409,772,1,0,0,
2024-11-08 01:10:00,70,truck,0.9,36,189,117,254,0,1,0,
2024-11-08 01:11:00,71,ambulance,0.98,240,290,445,474,0,0,1,
2024-11-08 01:12:00,72,bus,0.61,248,355,389,483,0,0,0,
2024-11-08 01:13:00,73,motorbike,0.89,199,443,633,454,0,0,0,
2024-11-08 01:14:00,74,fire_hydrant,0.94,180,195,336,226,0,0,0,
2024-11-08 01:15:00,75,car,0.93,330,139,703,278,1,0,0,
2024-11-08 01:16:00,76,car,0.63,173,323,399,806,1,0,0,
2024-11-08 01:17:00,77,car,0.82,240,393,500,493,1,0,0,
2024-11-08 01:18:00,78,ambulance,0.68,187,449,466,702,0,0,1,
2024-11-08 01:19:00,79,motorbike,0.74,106,19,352,153,0,0,0,
2024-11-08 01:20:00,80,truck,0.83,174,27,592,525,0,1,0,
2024-11-08 01:21:00,81,car,0.95,371,358,580,457,1,0,0,
2024-11-08 01:22:00,82,motorbike,0.8,405,214,688,287,0,0,0,
2024-11-08 01:23:00,83,truck,0.94,442,175,921,226,0,1,0,
2024-11-08 01:24:00,84,fire_hydrant,0.61,264,181,525,410,0,0,0,
2024-11-08 01:25:00,85,fire_hydrant,0.94,126,78,605,305,0,0,0,
2024-11-08 01:26:00,86,ambulance,0.7,456,354,690,386,0,0,1,
2024-11-08 01:27:00,87,motorbike,0.66,391,396,536,502,0,0,0,
2024-11-08 01:28:00,88,fire_hydrant,0.9,1,51,317,508,0,0,0,
2024-11-08 01:29:00,89,truck,0.89,212,93,619,244,0,1,0,
2024-11-08 01:30:00,90,truck,0.91,317,168,746,319,0,1,0,
2024-11-08 01:31:00,91,bus,0.93,413,223,546,358,0,0,0,
2024-11-08 01:32:00,92,ambulance,0.79,432,366,881,784,0,0,1,
2024-11-08 01:33:00,93,car,0.81,410,464,433,569,1,0,0,
2024-11-08 01:34:00,94,ambulance,0.83,185,196,423,556,0,0,1,
2024-11-08 01:35:00,95,motorbike,0.92,453,273,822,441,0,0,0,
2024-11-08 01:36:00,96,bus,1.0,291,265,411,460,0,0,0,
2024-11-08 01:37:00,97,car,0.92,373,279,688,536,1,0,0,
2024-11-08 01:38:00,98,motorbike,0.72,299,406,791,676,0,0,0,
2024-11-08 01:39:00,99,fire_hydrant,0.91,222,244,415,724,0,0,0,
2024-11-08 01:40:00,100,motorbike,0.99,238,50,704,314,0,0,0,
2024-11-08 01:41:00,101,motorbike,0.76,152,382,281,576,0,0,0,
2024-11-08 01:42:00,102,ambulance,0.86,449,372,796,384,0,0,1,
2024-11-08 01:43:00,103,car,0.81,112,354,429,451,1,0,0,
2024-11-08 01:44:00,104,bus,0.65,124,251,137,373,0,0,0,
2024-11-08 01:45:00,105,bus,0.92,43,244,242,663,0,0,0,
2024-11-08 01:46:00,106,bus,0.71,18,449,471,631,0,0,0,
2024-11-08 01:47:00,107,car,0.87,339,85,341,485,1,0,0,
2024-11-08 01:48:00,108,motorbike,0.64,179,54,489,112,0,0,0,
2024-11-08 01:49:00,109,fire_hydrant,0.61,258,358,356,500,0,0,0,
2024-11-08 01:50:00,110,car,0.65,186,443,637,839,1,0,0,
2024-11-08 01:51:00,111,motorbike,0.9,402,309,862,356,0,0,0,
2024-11-08 01:52:00,112,ambulance,0.86,60,294,85,733,0,0,1,
2024-11-08 01:53:00,113,car,0.99,348,299,422,719,1,0,0,
2024-11-08 01:54:00,114,fire_hydrant,0.66,122,108,124,489,0,0,0,
2024-11-08 01:55:00,115,truck,0.73,251,125,616,532,0,1,0,
2024-11-08 01:56:00,116,ambulance,0.9,353,49,813,199,0,0,1,
2024-11-08 01:57:00,117,car,0.84,220,132,669,557,1,0,0,
2024-11-08 01:58:00,118,motorbike,0.94,225,123,237,442,0,0,0,
2024-11-08 01:59:00,119,motorbike,0.86,426,275,444,395,0,0,0,
2024-11-08 02:00:00,120,fire_hydrant,0.84,417,344,905,490,0,0,0,
2024-11-08 02:01:00,121,truck,0.82,175,231,354,279,0,1,0,
2024-11-08 02:02:00,122,ambulance,0.98,428,231,861,397,0,0,1,
2024-11-08 02:03:00,123,ambulance,0.77,192,250,247,327,0,0,1,
2024-11-08 02:04:00,124,truck,0.9,356,32,381,53,0,1,0,
2024-11-08 02:05:00,125,ambulance,0.86,76,208,551,380,0,0,1,
2024-11-08 02:06:00,126,car,0.76,458,280,825,319,1,0,0,
2024-11-08 02:07:00,127,fire_hydrant,0.91,245,391,424,396,0,0,0,
2024-11-08 02:08:00,128,truck,0.98,472,200,807,268,0,1,0,
2024-11-08 02:09:00,129,motorbike,0.72,443,167,502,533,0,0,0,
2024-11-08 02:10:00,130,fire_hydrant,0.61,137,165,323,503,0,0,0,
2024-11-08 02:11:00,131,motorbike,0.8,275,463,286,538,0,0,0,
2024-11-08 02:12:00,132,fire_hydrant,0.89,221,155,403,649,0,0,0,
2024-11-08 02:13:00,133,car,0.77,156,469,410,803,1,0,0,
2024-11-08 02:14:00,134,bus,0.97,76,68,469,323,0,0,0,
2024-11-08 02:15:00,135,truck,0.96,445,220,511,431,0,1,0,
2024-11-08 02:16:00,136,fire_hydrant,1.0,110,313,500,473,0,0,0,
2024-11-08 02:17:00,137,fire_hydrant,0.97,464,56,901,469,0,0,0,
2024-11-08 02:18:00,138,car,0.94,411,312,699,571,1,0,0,
2024-11-08 02:19:00,139,ambulance,0.92,160,410,547,620,0,0,1,
2024-11-08 02:20:00,140,truck,0.75,466,260,693,531,0,1,0,
2024-11-08 02:21:00,141,motorbike,0.66,95,396,151,421,0,0,0,
2024-11-08 02:22:00,142,motorbike,0.99,219,464,251,518,0,0,0,
2024-11-08 02:23:00,143,truck,0.69,115,283,432,714,0,1,0,
2024-11-08 02:24:00,144,ambulance,0.63,15,66,28,116,0,0,1,
2024-11-08 02:25:00,145,bus,0.93,430,0,778,78,0,0,0,
2024-11-08 02:26:00,146,fire_hydrant,0.74,219,192,421,424,0,0,0,
2024-11-08 02:27:00,147,truck,0.7,390,348,702,728,0,1,0,
2024-11-08 02:28:00,148,truck,0.77,332,205,535,445,0,1,0,
2024-11-08 02:29:00,149,motorbike,0.8,46,44,478,319,0,0,0,
2024-11-08 02:30:00,150,car,0.84,189,77,615,137,1,0,0,
2024-11-08 02:31:00,151,ambulance,0.83,43,428,247,631,0,0,1,
2024-11-08 02:32:00,152,ambulance,0.6,169,479,446,730,0,0,1,
2024-11-08 02:33:00,153,car,0.7,107,264,173,364,1,0,0,
2024-11-08 02:34:00,154,fire_hydrant,0.96,65,133,70,260,0,0,0,
2024-11-08 02:35:00,155,fire_hydrant,0.82,98,39,173,478,0,0,0,
2024-11-08 02:36:00,156,fire_hydrant,0.77,301,48,781,187,0,0,0,
2024-11-08 02:37:00,157,motorbike,0.99,382,461,609,935,0,0,0,
2024-11-08 02:38:00,158,fire_hydrant,0.69,11,466,399,606,0,0,0,
2024-11-08 02:39:00,159,ambulance,0.8,292,459,599,822,0,0,1,
2024-11-08 02:40:00,160,car,0.8,162,206,660,591,1,0,0,
2024-11-08 02:41:00,161,fire_hydrant,0.62,261,372,684,865,0,0,0,
2024-11-08 02:42:00,162,ambulance,0.8,227,150,706,233,0,0,1,
2024-11-08 02:43:00,163,bus,0.8,418,445,438,580,0,0,0,
2024-11-08 02:44:00,164,ambulance,0.67,235,19,677,156,0,0,1,
2024-11-08 02:45:00,165,fire_hydrant,0.85,216,258,483,419,0,0,0,
2024-11-08 02:46:00,166,ambulance,0.74,163,411,239,610,0,0,1,
2024-11-08 02:47:00,167,car,0.77,375,499,397,558,1,0,0,
2024-11-08 02:48:00,168,fire_hydrant,0.62,57,10,437,209,0,0,0,
2024-11-08 02:49:00,169,ambulance,0.74,273,267,440,521,0,0,1,
2024-11-08 02:50:00,170,fire_hydrant,0.95,407,370,727,820,0,0,0,
2024-11-08 02:51:00,171,fire_hydrant,0.64,432,325,476,477,0,0,0,
2024-11-08 02:52:00,172,car,0.76,271,56,696,87,1,0,0,
2024-11-08 02:53:00,173,motorbike,0.63,253,317,690,568,0,0,0,
2024-11-08 02:54:00,174,motorbike,0.73,28,55,214,454,0,0,0,
2024-11-08 02:55:00,175,ambulance,0.67,404,250,670,415,0,0,1,
2024-11-08 02:56:00,176,car,0.67,97,19,541,450,1,0,0,
2024-11-08 02:57:00,177,bus,0.66,231,209,570,708,0,0,0,
2024-11-08 02:58:00,178,truck,0.69,272,181,593,560,0,1,0,
2024-11-08 02:59:00,179,fire_hydrant,0.73,85,123,188,514,0,0,0,
2024-11-08 03:00:00,180,truck,0.89,23,460,282,645,0,1,0,
2024-11-08 03:01:00,181,car,0.8,318,310,650,446,1,0,0,
2024-11-08 03:02:00,182,car,0.7,210,309,227,364,1,0,0,
2024-11-08 03:03:00,183,truck,0.64,277,56,674,101,0,1,0,
2024-11-08 03:04:00,184,car,0.74,366,139,853,283,1,0,0,
2024-11-08 03:05:00,185,truck,0.6,131,286,261,668,0,1,0,
2024-11-08 03:06:00,186,fire_hydrant,0.8,372,70,790,248,0,0,0,
2024-11-08 03:07:00,187,motorbike,0.73,2,457,383,833,0,0,0,
2024-11-08 03:08:00,188,ambulance,0.63,335,404,750,694,0,0,1,
2024-11-08 03:09:00,189,bus,0.61,218,482,603,708,0,0,0,
2024-11-08 03:10:00,190,ambulance,0.6,254,408,294,563,0,0,1,
2024-11-08 03:11:00,191,ambulance,0.62,218,403,402,805,0,0,1,
2024-11-08 03:12:00,192,motorbike,0.83,428,467,798,952,0,0,0,
2024-11-08 03:13:00,193,bus,0.75,131,474,621,794,0,0,0,
2024-11-08 03:14:00,194,car,0.81,119,156,320,521,1,0,0,
2024-11-08 03:15:00,195,motorbike,0.94,31,471,79,855,0,0,0,
2024-11-08 03:16:00,196,car,0.83,226,161,568,593,1,0,0,
2024-11-08 03:17:00,197,motorbike,0.68,307,68,363,440,0,0,0,
2024-11-08 03:18:00,198,fire_hydrant,0.63,104,131,520,437,0,0,0,
2024-11-08 03:19:00,199,truck,0.94,478,42,726,272,0,1,0,
2024-11-08 03:20:00,200,truck,0.91,38,272,498,561,0,1,0,
2024-11-08 03:21:00,201,car,0.68,23,147,371,156,1,0,0,
2024-11-08 03:22:00,202,car,0.91,308,416,572,702,1,0,0,
2024-11-08 03:23:00,203,bus,0.69,144,422,640,597,0,0,0,
2024-11-08 03:24:00,204,truck,0.96,440,492,684,595,0,1,0,
2024-11-08 03:25:00,205,fire_hydrant,0.66,236,233,556,572,0,0,0,
2024-11-08 03:26:00,206,ambulance,0.63,23,65,354,414,0,0,1,
2024-11-08 03:27:00,207,fire_hydrant,0.74,322,111,786,406,0,0,0,
2024-11-08 03:28:00,208,motorbike,0.98,266,379,518,856,0,0,0,
2024-11-08 03:29:00,209,motorbike,0.87,399,200,672,543,0,0,0,
2024-11-08 03:30:00,210,motorbike,0.74,2,102,26,335,0,0,0,
2024-11-08 03:31:00,211,ambulance,0.75,379,206,597,407,0,0,1,
2024-11-08 03:32:00,212,ambulance,0.61,473,147,735,318,0,0,1,
2024-11-08 03:33:00,213,fire_hydrant,0.69,40,349,119,470,0,0,0,
2024-11-08 03:34:00,214,ambulance,0.67,330,445,710,732,0,0,1,
2024-11-08 03:35:00,215,bus,0.7,324,418,377,485,0,0,0,
2024-11-08 03:36:00,216,fire_hydrant,0.7,388,420,493,880,0,0,0,
2024-11-08 03:37:00,217,car,0.62,132,201,373,642,1,0,0,
2024-11-08 03:38:00,218,bus,0.63,455,182,537,607,0,0,0,
2024-11-08 03:39:00,219,truck,0.66,210,232,324,570,0,1,0,
2024-11-08 03:40:00,220,bus,0.98,51,34,149,314,0,0,0,
2024-11-08 03:41:00,221,bus,0.87,79,138,163,602,0,0,0,
2024-11-08 03:42:00,222,car,0.83,382,86,870,91,1,0,0,
2024-11-08 03:43:00,223,fire_hydrant,0.87,438,390,727,401,0,0,0,
2024-11-08 03:44:00,224,ambulance,0.87,472,367,862,501,0,0,1,
2024-11-08 03:45:00,225,bus,0.63,427,268,837,603,0,0,0,
2024-11-08 03:46:00,226,motorbike,0.91,131,448,570,727,0,0,0,
2024-11-08 03:47:00,227,ambulance,0.64,270,428,548,554,0,0,1,
2024-11-08 03:48:00,228,fire_hydrant,0.91,45,181,480,280,0,0,0,
2024-11-08 03:49:00,229,truck,0.7,403,266,835,303,0,1,0,
2024-11-08 03:50:00,230,car,0.69,124,261,419,707,1,0,0,
2024-11-08 03:51:00,231,motorbike,0.95,347,417,680,693,0,0,0,
2024-11-08 03:52:00,232,car,0.68,205,49,422,394,1,0,0,
2024-11-08 03:53:00,233,bus,0.78,203,460,606,871,0,0,0,
2024-11-08 03:54:00,234,ambulance,0.81,419,306,867,355,0,0,1,
2024-11-08 03:55:00,235,fire_hydrant,0.83,475,415,713,660,0,0,0,
2024-11-08 03:56:00,236,motorbike,0.79,169,211,418,430,0,0,0,
2024-11-08 03:57:00,237,ambulance,0.83,436,167,498,520,0,0,1,
2024-11-08 03:58:00,238,motorbike,0.97,456,122,911,487,0,0,0,
2024-11-08 03:59:00,239,motorbike,0.7,200,89,461,188,0,0,0,
2024-11-08 04:00:00,240,bus,0.8,91,253,451,617,0,0,0,
2024-11-08 04:01:00,241,ambulance,0.99,262,239,599,671,0,0,1,
2024-11-08 04:02:00,242,bus,0.63,365,149,501,277,0,0,0,
2024-11-08 04:03:00,243,fire_hydrant,0.83,207,3,622,146,0,0,0,
2024-11-08 04:04:00,244,fire_hydrant,0.93,348,306,665,591,0,0,0,
2024-11-08 04:05:00,245,car,0.73,404,150,803,537,1,0,0,
2024-11-08 04:06:00,246,bus,0.78,144,426,552,817,0,0,0,
2024-11-08 04:07:00,247,motorbike,0.93,488,370,817,638,0,0,0,
2024-11-08 04:08:00,248,motorbike,0.83,351,210,672,218,0,0,0,
2024-11-08 04:09:00,249,fire_hydrant,0.94,250,128,699,212,0,0,0,
2024-11-08 04:10:00,250,fire_hydrant,0.66,218,241,553,612,0,0,0,
2024-11-08 04:11:00,251,ambulance,0.89,80,48,324,74,0,0,1,
2024-11-08 04:12:00,252,car,0.77,174,445,664,590,1,0,0,
2024-11-08 04:13:00,253,fire_hydrant,0.66,384,139,848,423,0,0,0,
2024-11-08 04:14:00,254,bus,0.99,382,195,520,196,0,0,0,
2024-11-08 04:15:00,255,car,0.73,260,66,365,537,1,0,0,
2024-11-08 04:16:00,256,ambulance,0.75,209,216,531,351,0,0,1,
2024-11-08 04:17:00,257,fire_hydrant,0.77,278,485,557,606,0,0,0,
2024-11-08 04:18:00,258,car,0.76,159,130,466,252,1,0,0,
2024-11-08 04:19:00,259,truck,0.93,206,283,281,776,0,1,0,
2024-11-08 04:20:00,260,motorbike,0.99,449,156,550,230,0,0,0,
2024-11-08 04:21:00,261,car,0.81,167,380,189,509,1,0,0,
2024-11-08 04:22:00,262,truck,0.76,232,149,623,297,0,1,0,
2024-11-08 04:23:00,263,bus,0.69,29,480,492,772,0,0,0,
2024-11-08 04:24:00,264,motorbike,0.77,202,468,432,921,0,0,0,
2024-11-08 04:25:00,265,motorbike,0.72,231,93,617,267,0,0,0,
2024-11-08 04:26:00,266,motorbike,0.99,381,479,866,718,0,0,0,
2024-11-08 04:27:00,267,truck,0.83,388,405,462,462,0,1,0,
2024-11-08 04:28:00,268,bus,0.96,473,379,805,854,0,0,0,
2024-11-08 04:29:00,269,motorbike,0.7,96,477,139,865,0,0,0,
2024-11-08 04:30:00,270,ambulance,0.88,338,85,573,221,0,0,1,
2024-11-08 04:31:00,271,ambulance,0.68,107,365,521,558,0,0,1,
2024-11-08 04:32:00,272,fire_hydrant,1.0,98,349,575,746,0,0,0,
2024-11-08 04:33:00,273,motorbike,0.76,56,304,119,329,0,0,0,
2024-11-08 04:34:00,274,bus,0.83,344,311,549,636,0,0,0,
2024-11-08 04:35:00,275,fire_hydrant,0.86,342,51,505,286,0,0,0,
2024-11-08 04:36:00,276,bus,0.77,330,159,412,224,0,0,0,
2024-11-08 04:37:00,277,motorbike,0.96,179,477,320,487,0,0,0,
2024-11-08 04:38:00,278,fire_hydrant,0.86,217,108,292,424,0,0,0,
2024-11-08 04:39:00,279,truck,0.83,84,50,123,225,0,1,0,
2024-11-08 04:40:00,280,truck,0.96,196,208,235,382,0,1,0,
2024-11-08 04:41:00,281,truck,0.67,13,453,323,698,0,1,0,
2024-11-08 04:42:00,282,truck,0.71,86,447,483,530,0,1,0,
2024-11-08 04:43:00,283,truck,0.75,48,284,118,739,0,1,0,
2024-11-08 04:44:00,284,truck,0.61,84,251,395,506,0,1,0,
2024-11-08 04:45:00,285,fire_hydrant,0.79,237,152,359,404,0,0,0,
2024-11-08 04:46:00,286,ambulance,0.72,33,306,489,307,0,0,1,
2024-11-08 04:47:00,287,car,0.75,118,164,153,322,1,0,0,
2024-11-08 04:48:00,288,car,0.96,79,68,487,248,1,0,0,
2024-11-08 04:49:00,289,ambulance,0.69,410,351,631,672,0,0,1,
2024-11-08 04:50:00,290,car,0.72,185,15,482,80,1,0,0,
2024-11-08 04:51:00,291,car,0.62,484,460,892,697,1,0,0,
2024-11-08 04:52:00,292,bus,0.8,446,38,540,129,0,0,0,
2024-11-08 04:53:00,293,fire_hydrant,0.74,50,187,384,510,0,0,0,
2024-11-08 04:54:00,294,ambulance,0.66,223,204,698,645,0,0,1,
2024-11-08 04:55:00,295,ambulance,0.61,197,460,345,599,0,0,1,
2024-11-08 04:56:00,296,car,0.99,370,82,467,476,1,0,0,
2024-11-08 04:57:00,297,truck,0.76,350,161,668,396,0,1,0,
2024-11-08 04:58:00,298,fire_hydrant,0.88,419,84,769,502,0,0,0,
2024-11-08 04:59:00,299,car,0.91,472,121,842,540,1,0,0,
2024-11-08 05:00:00,300,car,0.71,280,404,439,878,1,0,0,
2024-11-08 05:01:00,301,truck,0.99,153,371,646,714,0,1,0,
2024-11-08 05:02:00,302,truck,0.78,407,390,647,411,0,1,0,
2024-11-08 05:03:00,303,car,0.83,376,176,532,603,1,0,0,
2024-11-08 05:04:00,304,ambulance,0.81,358,69,670,327,0,0,1,
2024-11-08 05:05:00,305,truck,0.85,214,424,583,886,0,1,0,
2024-11-08 05:06:00,306,motorbike,0.72,98,201,356,571,0,0,0,
2024-11-08 05:07:00,307,ambulance,0.99,210,365,535,391,0,0,1,
2024-11-08 05:08:00,308,car,0.86,43,214,248,460,1,0,0,
2024-11-08 05:09:00,309,motorbike,0.63,94,469,319,757,0,0,0,
2024-11-08 05:10:00,310,car,0.63,179,3,353,248,1,0,0,
2024-11-08 05:11:00,311,ambulance,0.67,499,372,796,447,0,0,1,
2024-11-08 05:12:00,312,bus,1.0,227,338,302,678,0,0,0,
2024-11-08 05:13:00,313,ambulance,0.76,106,306,597,467,0,0,1,
2024-11-08 05:14:00,314,bus,0.85,125,423,567,541,0,0,0,
2024-11-08 05:15:00,315,ambulance,0.71,464,227,729,628,0,0,1,
2024-11-08 05:16:00,316,fire_hydrant,0.96,8,28,69,111,0,0,0,
2024-11-08 05:17:00,317,bus,0.99,272,150,477,355,0,0,0,
2024-11-08 05:18:00,318,bus,0.97,474,31,510,56,0,0,0,
2024-11-08 05:19:00,319,car,0.93,428,237,888,586,1,0,0,
2024-11-08 05:20:00,320,car,0.76,83,129,511,253,1,0,0,
2024-11-08 05:21:00,321,car,0.75,426,398,580,517,1,0,0,
2024-11-08 05:22:00,322,motorbike,0.92,348,240,374,374,0,0,0,
2024-11-08 05:23:00,323,fire_hydrant,0.79,361,401,860,729,0,0,0,
2024-11-08 05:24:00,324,bus,1.0,339,94,546,249,0,0,0,
2024-11-08 05:25:00,325,car,0.65,485,336,878,746,1,0,0,
2024-11-08 05:26:00,326,fire_hydrant,0.83,77,83,405,411,0,0,0,
2024-11-08 05:27:00,327,car,0.61,246,179,315,601,1,0,0,
2024-11-08 05:28:00,328,motorbike,0.98,76,225,240,229,0,0,0,
2024-11-08 05:29:00,329,car,0.86,160,497,369,781,1,0,0,
2024-11-08 05:30:00,330,motorbike,0.8,78,185,172,314,0,0,0,
2024-11-08 05:31:00,331,motorbike,0.63,70,395,130,443,0,0,0,
2024-11-08 05:32:00,332,car,0.7,273,103,274,258,1,0,0,
2024-11-08 05:33:00,333,motorbike,0.95,381,395,526,844,0,0,0,
2024-11-08 05:34:00,334,motorbike,0.83,66,334,509,755,0,0,0,
2024-11-08 05:35:00,335,ambulance,0.78,448,232,922,550,0,0,1,
2024-11-08 05:36:00,336,bus,0.94,128,427,413,523,0,0,0,
2024-11-08 05:37:00,337,bus,0.93,45,305,74,778,0,0,0,
2024-11-08 05:38:00,338,bus,0.62,408,5,885,288,0,0,0,
2024-11-08 05:39:00,339,fire_hydrant,0.9,128,118,447,210,0,0,0,
2024-11-08 05:40:00,340,ambulance,0.66,44,294,147,689,0,0,1,
2024-11-08 05:41:00,341,ambulance,0.86,52,150,468,516,0,0,1,
2024-11-08 05:42:00,342,fire_hydrant,0.68,376,365,405,392,0,0,0,
2024-11-08 05:43:00,343,motorbike,0.76,276,28,542,318,0,0,0,
2024-11-08 05:44:00,344,bus,0.7,131,298,257,425,0,0,0,
2024-11-08 05:45:00,345,fire_hydrant,0.86,288,185,483,585,0,0,0,
2024-11-08 05:46:00,346,fire_hydrant,0.93,12,128,175,226,0,0,0,
2024-11-08 05:47:00,347,fire_hydrant,0.65,478,86,570,420,0,0,0,
2024-11-08 05:48:00,348,fire_hydrant,0.76,402,300,628,729,0,0,0,
2024-11-08 05:49:00,349,ambulance,0.66,283,441,653,882,0,0,1,
2024-11-08 05:50:00,350,bus,0.74,254,494,565,588,0,0,0,
2024-11-08 05:51:00,351,bus,0.78,273,259,358,758,0,0,0,
2024-11-08 05:52:00,352,car,0.69,307,353,503,481,1,0,0,
2024-11-08 05:53:00,353,car,0.89,266,81,555,321,1,0,0,
2024-11-08 05:54:00,354,fire_hydrant,0.93,263,490,517,602,0,0,0,
2024-11-08 05:55:00,355,ambulance,0.71,313,198,756,261,0,0,1,
2024-11-08 05:56:00,356,truck,0.62,463,158,522,536,0,1,0,
2024-11-08 05:57:00,357,car,0.61,351,374,592,680,1,0,0,
2024-11-08 05:58:00,358,truck,0.72,99,307,103,602,0,1,0,
2024-11-08 05:59:00,359,fire_hydrant,0.97,229,442,284,658,0,0,0,
2024-11-08 06:00:00,360,bus,0.75,161,110,523,461,0,0,0,
2024-11-08 06:01:00,361,motorbike,0.81,326,119,700,241,0,0,0,
2024-11-08 06:02:00,362,fire_hydrant,0.89,443,158,578,413,0,0,0,
2024-11-08 06:03:00,363,bus,0.67,99,260,260,615,0,0,0,
2024-11-08 06:04:00,364,motorbike,0.64,411,423,654,655,0,0,0,
2024-11-08 06:05:00,365,car,0.61,455,416,813,741,1,0,0,
2024-11-08 06:06:00,366,motorbike,0.87,212,471,397,634,0,0,0,
2024-11-08 06:07:00,367,bus,0.95,17,348,167,674,0,0,0,
2024-11-08 06:08:00,368,truck,0.63,422,404,593,728,0,1,0,
2024-11-08 06:09:00,369,motorbike,0.77,431,323,553,333,0,0,0,
2024-11-08 06:10:00,370,fire_hydrant,0.87,479,237,828,271,0,0,0,
2024-11-08 06:11:00,371,bus,0.91,46,476,289,570,0,0,0,
2024-11-08 06:12:00,372,fire_hydrant,0.67,100,366,594,740,0,0,0,
2024-11-08 06:13:00,373,truck,0.96,466,333,559,350,0,1,0,
2024-11-08 06:14:00,374,motorbike,0.94,1,444,254,670,0,0,0,
2024-11-08 06:15:00,375,fire_hydrant,0.98,311,227,466,249,0,0,0,
2024-11-08 06:16:00,376,fire_hydrant,0.95,340,426,758,882,0,0,0,
2024-11-08 06:17:00,377,motorbike,0.6,392,130,761,210,0,0,0,
2024-11-08 06:18:00,378,motorbike,0.82,293,227,654,423,0,0,0,
2024-11-08 06:19:00,379,car,0.89,293,380,577,569,1,0,0,
2024-11-08 06:20:00,380,car,0.89,101,2,193,209,1,0,0,
2024-11-08 06:21:00,381,motorbike,0.67,347,354,377,537,0,0,0,
2024-11-08 06:22:00,382,fire_hydrant,0.95,260,239,565,603,0,0,0,
2024-11-08 06:23:00,383,bus,0.81,61,264,303,621,0,0,0,
2024-11-08 06:24:00,384,truck,0.93,204,121,543,144,0,1,0,
2024-11-08 06:25:00,385,truck,0.95,227,18,235,77,0,1,0,
2024-11-08 06:26:00,386,motorbike,0.9,247,51,579,400,0,0,0,
2024-11-08 06:27:00,387,motorbike,0.78,160,64,646,506,0,0,0,
2024-11-08 06:28:00,388,motorbike,0.63,228,230,241,376,0,0,0,
2024-11-08 06:29:00,389,fire_hydrant,0.7,160,166,439,593,0,0,0,
2024-11-08 06:30:00,390,bus,0.91,373,401,494,717,0,0,0,
2024-11-08 06:31:00,391,motorbike,0.63,147,269,392,764,0,0,0,
2024-11-08 06:32:00,392,car,0.96,327,306,722,776,1,0,0,
2024-11-08 06:33:00,393,ambulance,0.83,479,181,654,504,0,0,1,
2024-11-08 06:34:00,394,bus,0.65,313,127,536,605,0,0,0,
2024-11-08 06:35:00,395,truck,0.99,497,379,855,391,0,1,0,
2024-11-08 06:36:00,396,truck,0.79,118,236,219,588,0,1,0,
2024-11-08 06:37:00,397,ambulance,0.99,329,397,820,566,0,0,1,
2024-11-08 06:38:00,398,motorbike,0.97,277,344,420,839,0,0,0,
2024-11-08 06:39:00,399,truck,0.95,224,131,713,134,0,1,0,
2024-11-08 06:40:00,400,car,0.74,398,414,897,617,1,0,0,
2024-11-08 06:41:00,401,truck,0.87,429,401,699,776,0,1,0,
2024-11-08 06:42:00,402,motorbike,0.63,248,58,414,337,0,0,0,
2024-11-08 06:43:00,403,motorbike,1.0,393,63,536,417,0,0,0,
2024-11-08 06:44:00,404,car,0.95,36,351,256,445,1,0,0,
2024-11-08 06:45:00,405,motorbike,0.86,252,423,339,732,0,0,0,
2024-11-08 06:46:00,406,fire_hydrant,0.78,140,182,580,585,0,0,0,
2024-11-08 06:47:00,407,fire_hydrant,0.97,286,366,370,532,0,0,0,
2024-11-08 06:48:00,408,truck,0.89,482,136,717,477,0,1,0,
2024-11-08 06:49:00,409,truck,0.78,229,482,542,549,0,1,0,
2024-11-08 06:50:00,410,car,0.81,338,145,553,458,1,0,0,
2024-11-08 06:51:00,411,truck,0.85,442,437,793,598,0,1,0,
2024-11-08 06:52:00,412,ambulance,0.61,4,162,431,177,0,0,1,
2024-11-08 06:53:00,413,bus,0.69,47,251,439,263,0,0,0,
2024-11-08 06:54:00,414,ambulance,0.76,60,72,212,566,0,0,1,
2024-11-08 06:55:00,415,bus,0.66,189,111,647,320,0,0,0,
2024-11-08 06:56:00,416,truck,0.6,277,262,396,410,0,1,0,
2024-11-08 06:57:00,417,ambulance,0.63,385,390,693,644,0,0,1,
2024-11-08 06:58:00,418,bus,0.66,402,466,883,844,0,0,0,
2024-11-08 06:59:00,419,fire_hydrant,0.96,193,425,500,666,0,0,0,
2024-11-08 07:00:00,420,car,0.65,384,417,858,536,1,0,0,
2024-11-08 07:01:00,421,motorbike,0.78,201,60,680,290,0,0,0,
2024-11-08 07:02:00,422,fire_hydrant,0.97,180,353,331,823,0,0,0,
2024-11-08 07:03:00,423,ambulance,0.97,385,334,456,544,0,0,1,
2024-11-08 07:04:00,424,car,0.97,354,99,499,201,1,0,0,
2024-11-08 07:05:00,425,bus,0.97,428,494,747,822,0,0,0,
2024-11-08 07:06:00,426,ambulance,0.68,55,7,151,339,0,0,1,
2024-11-08 07:07:00,427,fire_hydrant,0.99,190,103,380,115,0,0,0,
2024-11-08 07:08:00,428,truck,0.74,49,439,343,605,0,1,0,
2024-11-08 07:09:00,429,ambulance,1.0,91,54,288,151,0,0,1,
2024-11-08 07:10:00,430,ambulance,0.65,279,189,777,419,0,0,1,
2024-11-08 07:11:00,431,motorbike,0.7,267,158,311,592,0,0,0,
2024-11-08 07:12:00,432,ambulance,0.72,117,254,453,747,0,0,1,
2024-11-08 07:13:00,433,ambulance,0.98,101,82,339,276,0,0,1,
2024-11-08 07:14:00,434,bus,0.7,458,467,866,496,0,0,0,
2024-11-08 07:15:00,435,ambulance,0.74,359,245,801,639,0,0,1,
2024-11-08 07:16:00,436,truck,0.87,94,23,157,319,0,1,0,
2024-11-08 07:17:00,437,ambulance,0.91,61,271,126,373,0,0,1,
2024-11-08 07:18:00,438,ambulance,0.64,367,75,617,135,0,0,1,
2024-11-08 07:19:00,439,car,0.98,478,118,673,344,1,0,0,
2024-11-08 07:20:00,440,ambulance,0.72,394,404,747,468,0,0,1,
2024-11-08 07:21:00,441,motorbike,0.77,74,127,537,173,0,0,0,
2024-11-08 07:22:00,442,fire_hydrant,0.88,94,88,522,375,0,0,0,
2024-11-08 07:23:00,443,car,0.95,421,448,465,714,1,0,0,
2024-11-08 07:24:00,444,truck,0.92,401,470,479,688,0,1,0,
2024-11-08 07:25:00,445,car,0.91,427,34,765,490,1,0,0,
2024-11-08 07:26:00,446,car,0.75,87,421,447,881,1,0,0,
2024-11-08 07:27:00,447,motorbike,0.93,73,308,511,799,0,0,0,
2024-11-08 07:28:00,448,fire_hydrant,0.89,384,470,845,733,0,0,0,
2024-11-08 07:29:00,449,motorbike,0.67,203,48,253,367,0,0,0,
2024-11-08 07:30:00,450,bus,0.92,168,202,593,449,0,0,0,
2024-11-08 07:31:00,451,truck,0.72,127,46,382,512,0,1,0,
2024-11-08 07:32:00,452,motorbike,0.69,254,311,513,539,0,0,0,
2024-11-08 07:33:00,453,motorbike,0.68,135,206,265,303,0,0,0,
2024-11-08 07:34:00,454,motorbike,0.77,165,264,432,526,0,0,0,
2024-11-08 07:35:00,455,car,0.91,43,280,156,487,1,0,0,
2024-11-08 07:36:00,456,bus,0.77,205,412,334,842,0,0,0,
2024-11-08 07:37:00,457,motorbike,0.78,65,195,104,460,0,0,0,
2024-11-08 07:38:00,458,bus,0.99,470,309,683,356,0,0,0,
2024-11-08 07:39:00,459,fire_hydrant,0.81,140,371,324,555,0,0,0,
2024-11-08 07:40:00,460,fire_hydrant,0.82,439,54,602,474,0,0,0,
2024-11-08 07:41:00,461,ambulance,0.62,433,321,801,604,0,0,1,
2024-11-08 07:42:00,462,truck,0.95,445,231,582,482,0,1,0,
2024-11-08 07:43:00,463,fire_hydrant,0.96,420,137,571,428,0,0,0,
2024-11-08 07:44:00,464,ambulance,0.66,174,144,373,419,0,0,1,
2024-11-08 07:45:00,465,car,0.99,355,288,764,717,1,0,0,
2024-11-08 07:46:00,466,ambulance,0.9,351,309,672,376,0,0,1,
2024-11-08 07:47:00,467,motorbike,0.95,327,437,588,726,0,0,0,
2024-11-08 07:48:00,468,truck,0.78,154,466,269,798,0,1,0,
2024-11-08 07:49:00,469,bus,0.75,393,105,513,433,0,0,0,
2024-11-08 07:50:00,470,motorbike,0.97,145,360,369,676,0,0,0,
2024-11-08 07:51:00,471,truck,0.84,94,337,227,643,0,1,0,
2024-11-08 07:52:00,472,bus,0.63,320,496,509,597,0,0,0,
2024-11-08 07:53:00,473,fire_hydrant,0.66,145,430,501,825,0,0,0,
2024-11-08 07:54:00,474,truck,0.65,322,145,813,430,0,1,0,
2024-11-08 07:55:00,475,fire_hydrant,0.66,132,159,456,480,0,0,0,
2024-11-08 07:56:00,476,car,0.93,468,392,554,799,1,0,0,
2024-11-08 07:57:00,477,ambulance,0.85,258,325,516,618,0,0,1,
2024-11-08 07:58:00,478,car,0.67,191,467,551,790,1,0,0,
2024-11-08 07:59:00,479,ambulance,0.98,462,376,789,695,0,0,1,
2024-11-08 08:00:00,480,fire_hydrant,0.76,166,169,217,410,0,0,0,
2024-11-08 08:01:00,481,car,0.67,16,42,346,251,1,0,0,
2024-11-08 08:02:00,482,fire_hydrant,0.72,180,187,529,189,0,0,0,
2024-11-08 08:03:00,483,ambulance,0.68,43,457,499,650,0,0,1,
2024-11-08 08:04:00,484,bus,0.77,153,375,590,498,0,0,0,
2024-11-08 08:05:00,485,ambulance,0.85,398,441,725,577,0,0,1,
2024-11-08 08:06:00,486,car,0.64,10,309,38,492,1,0,0,
2024-11-08 08:07:00,487,fire_hydrant,0.64,328,244,376,528,0,0,0,
2024-11-08 08:08:00,488,car,0.65,424,249,687,596,1,0,0,
2024-11-08 08:09:00,489,fire_hydrant,0.96,373,124,682,366,0,0,0,
2024-11-08 08:10:00,490,truck,0.76,233,15,645,256,0,1,0,
2024-11-08 08:11:00,491,motorbike,0.8,209,311,477,665,0,0,0,
2024-11-08 08:12:00,492,car,0.89,169,335,311,597,1,0,0,
2024-11-08 08:13:00,493,motorbike,0.83,301,372,700,475,0,0,0,
2024-11-08 08:14:00,494,bus,0.8,474,350,736,390,0,0,0,
2024-11-08 08:15:00,495,bus,0.73,461,51,834,306,0,0,0,
2024-11-08 08:16:00,496,motorbike,0.67,85,433,276,804,0,0,0,
2024-11-08 08:17:00,497,bus,0.79,21,91,197,303,0,0,0,
2024-11-08 08:18:00,498,motorbike,0.88,435,77,526,503,0,0,0,
2024-11-08 08:19:00,499,ambulance,0.94,455,470,755,899,0,0,1,
2024-11-08 08:20:00,500,car,0.96,225,148,274,231,1,0,0,
2024-11-08 08:21:00,501,car,0.76,449,42,675,390,1,0,0,
2024-11-08 08:22:00,502,motorbike,0.7,497,70,691,139,0,0,0,
2024-11-08 08:23:00,503,car,0.8,438,248,561,667,1,0,0,
2024-11-08 08:24:00,504,fire_hydrant,0.79,69,334,353,342,0,0,0,
2024-11-08 08:25:00,505,fire_hydrant,0.96,149,290,170,767,0,0,0,
2024-11-08 08:26:00,506,bus,0.86,399,232,430,563,0,0,0,
2024-11-08 08:27:00,507,bus,0.88,439,438,602,569,0,0,0,
2024-11-08 08:28:00,508,truck,0.8,489,175,734,575,0,1,0,
2024-11-08 08:29:00,509,bus,0.75,85,121,235,249,0,0,0,
2024-11-08 08:30:00,510,car,0.95,226,45,280,208,1,0,0,
2024-11-08 08:31:00,511,car,0.67,9,194,195,538,1,0,0,
2024-11-08 08:32:00,512,motorbike,0.64,126,256,156,432,0,0,0,
2024-11-08 08:33:00,513,car,0.65,449,464,807,547,1,0,0,
2024-11-08 08:34:00,514,ambulance,0.98,110,133,142,165,0,0,1,
2024-11-08 08:35:00,515,motorbike,0.95,143,341,463,782,0,0,0,
2024-11-08 08:36:00,516,fire_hydrant,0.71,255,265,324,536,0,0,0,
2024-11-08 08:37:00,517,bus,0.97,214,173,401,635,0,0,0,
2024-11-08 08:38:00,518,car,0.62,377,478,743,586,1,0,0,
2024-11-08 08:39:00,519,fire_hydrant,0.76,285,157,445,514,0,0,0,
2024-11-08 08:40:00,520,fire_hydrant,0.85,435,455,638,529,0,0,0,
2024-11-08 08:41:00,521,ambulance,0.95,116,204,254,687,0,0,1,
2024-11-08 08:42:00,522,bus,0.91,372,333,512,491,0,0,0,
2024-11-08 08:43:00,523,ambulance,0.81,358,369,803,494,0,0,1,
2024-11-08 08:44:00,524,car,0.86,35,137,308,225,1,0,0,
2024-11-08 08:45:00,525,ambulance,0.86,456,244,482,275,0,0,1,
2024-11-08 08:46:00,526,ambulance,0.81,376,96,739,155,0,0,1,
2024-11-08 08:47:00,527,truck,0.82,399,272,538,287,0,1,0,
2024-11-08 08:48:00,528,ambulance,0.92,34,259,79,651,0,0,1,
2024-11-08 08:49:00,529,truck,0.78,56,217,358,685,0,1,0,
2024-11-08 08:50:00,530,bus,0.86,482,363,943,723,0,0,0,
2024-11-08 08:51:00,531,motorbike,0.8,232,173,375,255,0,0,0,
2024-11-08 08:52:00,532,ambulance,0.92,33,263,311,347,0,0,1,
2024-11-08 08:53:00,533,ambulance,0.97,95,135,401,146,0,0,1,
2024-11-08 08:54:00,534,ambulance,0.64,358,71,521,505,0,0,1,
2024-11-08 08:55:00,535,fire_hydrant,0.71,212,347,249,474,0,0,0,
2024-11-08 08:56:00,536,truck,0.62,104,198,479,666,0,1,0,
2024-11-08 08:57:00,537,fire_hydrant,0.72,330,168,536,534,0,0,0,
2024-11-08 08:58:00,538,motorbike,0.64,158,97,606,419,0,0,0,
2024-11-08 08:59:00,539,bus,0.69,63,481,100,687,0,0,0,
2024-11-08 09:00:00,540,ambulance,0.7,87,290,359,632,0,0,1,
2024-11-08 09:01:00,541,bus,0.94,310,3,599,431,0,0,0,
2024-11-08 09:02:00,542,motorbike,0.75,207,60,535,455,0,0,0,
2024-11-08 09:03:00,543,truck,0.73,411,99,571,128,0,1,0,
2024-11-08 09:04:00,544,ambulance,0.66,88,334,366,679,0,0,1,
2024-11-08 09:05:00,545,ambulance,0.88,80,413,218,528,0,0,1,
2024-11-08 09:06:00,546,motorbike,0.8,442,259,707,423,0,0,0,
2024-11-08 09:07:00,547,truck,0.61,93,400,167,861,0,1,0,
2024-11-08 09:08:00,548,bus,0.75,366,97,691,407,0,0,0,
2024-11-08 09:09:00,549,truck,0.91,15,453,375,592,0,1,0,
2024-11-08 09:10:00,550,ambulance,0.91,234,270,415,451,0,0,1,
2024-11-08 09:11:00,551,ambulance,0.77,496,172,801,364,0,0,1,
2024-11-08 09:12:00,552,bus,0.78,307,441,513,911,0,0,0,
2024-11-08 09:13:00,553,motorbike,0.65,338,62,720,298,0,0,0,
2024-11-08 09:14:00,554,fire_hydrant,0.66,133,250,202,275,0,0,0,
2024-11-08 09:15:00,555,car,0.7,329,250,443,508,1,0,0,
2024-11-08 09:16:00,556,car,0.95,244,64,297,385,1,0,0,
2024-11-08 09:17:00,557,truck,0.69,154,384,639,790,0,1,0,
2024-11-08 09:18:00,558,fire_hydrant,0.97,241,303,628,516,0,0,0,
2024-11-08 09:19:00,559,fire_hydrant,0.69,120,465,502,754,0,0,0,
2024-11-08 09:20:00,560,ambulance,0.66,359,385,570,655,0,0,1,
2024-11-08 09:21:00,561,fire_hydrant,0.71,68,144,331,221,0,0,0,
2024-11-08 09:22:00,562,car,0.91,491,463,785,777,1,0,0,
2024-11-08 09:23:00,563,bus,0.8,347,85,374,118,0,0,0,
2024-11-08 09:24:00,564,motorbike,0.74,346,493,523,770,0,0,0,
2024-11-08 09:25:00,565,bus,0.64,341,496,689,804,0,0,0,
2024-11-08 09:26:00,566,motorbike,0.96,35,431,77,845,0,0,0,
2024-11-08 09:27:00,567,car,0.94,100,220,320,264,1,0,0,
2024-11-08 09:28:00,568,motorbike,0.95,216,295,669,536,0,0,0,
2024-11-08 09:29:00,569,bus,0.91,65,186,234,542,0,0,0,
2024-11-08 09:30:00,570,car,0.95,83,129,151,324,1,0,0,
2024-11-08 09:31:00,571,motorbike,0.65,214,65,626,325,0,0,0,
2024-11-08 09:32:00,572,motorbike,0.6,174,171,195,560,0,0,0,
2024-11-08 09:33:00,573,truck,0.99,357,213,483,477,0,1,0,
2024-11-08 09:34:00,574,motorbike,0.79,341,153,810,535,0,0,0,
2024-11-08 09:35:00,575,ambulance,0.81,445,140,662,395,0,0,1,
2024-11-08 09:36:00,576,ambulance,0.67,478,416,902,746,0,0,1,
2024-11-08 09:37:00,577,ambulance,0.76,5,117,186,375,0,0,1,
2024-11-08 09:38:00,578,bus,0.91,387,446,584,465,0,0,0,
2024-11-08 09:39:00,579,ambulance,0.61,38,60,325,329,0,0,1,
2024-11-08 09:40:00,580,car,0.61,47,386,465,760,1,0,0,
2024-11-08 09:41:00,581,ambulance,0.96,82,208,334,260,0,0,1,
2024-11-08 09:42:00,582,ambulance,0.96,283,94,705,330,0,0,1,
2024-11-08 09:43:00,583,bus,0.79,344,319,684,373,0,0,0,
2024-11-08 09:44:00,584,ambulance,0.89,454,411,716,833,0,0,1,
2024-11-08 09:45:00,585,truck,0.69,92,112,482,259,0,1,0,
2024-11-08 09:46:00,586,ambulance,0.75,39,418,250,714,0,0,1,
2024-11-08 09:47:00,587,fire_hydrant,0.67,347,225,379,618,0,0,0,
2024-11-08 09:48:00,588,truck,0.72,277,309,379,501,0,1,0,
2024-11-08 09:49:00,589,motorbike,0.69,495,467,931,631,0,0,0,
2024-11-08 09:50:00,590,motorbike,0.77,449,150,890,533,0,0,0,
2024-11-08 09:51:00,591,bus,0.66,57,218,231,464,0,0,0,
2024-11-08 09:52:00,592,truck,0.71,365,209,418,669,0,1,0,
2024-11-08 09:53:00,593,bus,0.86,471,18,800,465,0,0,0,
2024-11-08 09:54:00,594,fire_hydrant,0.98,497,368,918,449,0,0,0,
2024-11-08 09:55:00,595,ambulance,0.86,378,258,654,435,0,0,1,
2024-11-08 09:56:00,596,fire_hydrant,0.78,40,302,301,492,0,0,0,
2024-11-08 09:57:00,597,bus,0.97,242,277,530,570,0,0,0,
2024-11-08 09:58:00,598,truck,0.76,52,105,271,351,0,1,0,
2024-11-08 09:59:00,599,truck,0.83,308,318,763,362,0,1,0,
2024-11-08 10:00:00,600,truck,0.64,145,354,214,361,0,1,0,
2024-11-08 10:01:00,601,bus,0.98,85,332,487,629,0,0,0,
2024-11-08 10:02:00,602,bus,1.0,307,468,497,944,0,0,0,
2024-11-08 10:03:00,603,bus,0.89,234,148,635,553,0,0,0,
2024-11-08 10:04:00,604,car,0.97,473,242,827,631,1,0,0,
2024-11-08 10:05:00,605,ambulance,0.84,393,344,874,631,0,0,1,
2024-11-08 10:06:00,606,bus,0.79,320,482,701,787,0,0,0,
2024-11-08 10:07:00,607,motorbike,0.67,385,20,574,303,0,0,0,
2024-11-08 10:08:00,608,ambulance,0.84,179,418,381,722,0,0,1,
2024-11-08 10:09:00,609,ambulance,0.99,143,353,491,569,0,0,1,
2024-11-08 10:10:00,610,fire_hydrant,0.96,264,157,299,468,0,0,0,
2024-11-08 10:11:00,611,motorbike,0.75,456,220,754,598,0,0,0,
2024-11-08 10:12:00,612,bus,0.81,432,430,717,485,0,0,0,
2024-11-08 10:13:00,613,truck,1.0,149,86,466,521,0,1,0,
2024-11-08 10:14:00,614,bus,0.69,245,14,582,274,0,0,0,
2024-11-08 10:15:00,615,ambulance,0.94,61,485,112,657,0,0,1,
2024-11-08 10:16:00,616,ambulance,0.84,342,195,678,466,0,0,1,
2024-11-08 10:17:00,617,motorbike,0.91,489,15,513,363,0,0,0,
2024-11-08 10:18:00,618,ambulance,0.86,185,481,220,699,0,0,1,
2024-11-08 10:19:00,619,truck,0.81,325,3,761,239,0,1,0,
2024-11-08 10:20:00,620,motorbike,0.74,426,269,462,380,0,0,0,
2024-11-08 10:21:00,621,motorbike,0.86,136,465,632,934,0,0,0,
2024-11-08 10:22:00,622,truck,0.93,275,449,436,575,0,1,0,
2024-11-08 10:23:00,623,truck,0.76,42,233,519,305,0,1,0,
2024-11-08 10:24:00,624,truck,0.74,175,155,361,321,0,1,0,
2024-11-08 10:25:00,625,truck,0.82,494,363,984,455,0,1,0,
2024-11-08 10:26:00,626,truck,0.7,175,194,197,400,0,1,0,
2024-11-08 10:27:00,627,fire_hydrant,0.81,76,485,359,720,0,0,0,
2024-11-08 10:28:00,628,car,0.99,309,437,418,586,1,0,0,
2024-11-08 10:29:00,629,bus,0.63,220,123,421,344,0,0,0,
2024-11-08 10:30:00,630,truck,0.87,261,100,634,347,0,1,0,
2024-11-08 10:31:00,631,car,0.69,252,418,405,846,1,0,0,
2024-11-08 10:32:00,632,bus,0.8,223,270,511,714,0,0,0,
2024-11-08 10:33:00,633,car,0.79,333,392,407,692,1,0,0,
2024-11-08 10:34:00,634,fire_hydrant,0.61,58,197,415,216,0,0,0,
2024-11-08 10:35:00,635,fire_hydrant,0.87,335,242,697,559,0,0,0,
2024-11-08 10:36:00,636,bus,0.62,409,283,541,739,0,0,0,
2024-11-08 10:37:00,637,truck,0.78,172,463,367,505,0,1,0,
2024-11-08 10:38:00,638,truck,0.66,92,313,386,341,0,1,0,
2024-11-08 10:39:00,639,ambulance,0.6,491,423,819,765,0,0,1,
2024-11-08 10:40:00,640,bus,0.66,65,413,337,488,0,0,0,
2024-11-08 10:41:00,641,ambulance,0.77,467,271,890,426,0,0,1,
2024-11-08 10:42:00,642,fire_hydrant,0.82,319,214,338,441,0,0,0,
2024-11-08 10:43:00,643,fire_hydrant,0.72,369,391,528,863,0,0,0,
2024-11-08 10:44:00,644,bus,0.64,182,60,322,355,0,0,0,
2024-11-08 10:45:00,645,bus,0.89,213,154,407,464,0,0,0,
2024-11-08 10:46:00,646,bus,0.97,467,346,603,716,0,0,0,
2024-11-08 10:47:00,647,truck,1.0,307,56,801,119,0,1,0,
2024-11-08 10:48:00,648,ambulance,1.0,322,15,814,378,0,0,1,
2024-11-08 10:49:00,649,motorbike,0.77,357,427,401,670,0,0,0,
2024-11-08 10:50:00,650,ambulance,0.74,168,397,278,541,0,0,1,
2024-11-08 10:51:00,651,motorbike,0.87,404,398,439,413,0,0,0,
2024-11-08 10:52:00,652,motorbike,0.62,157,32,242,425,0,0,0,
2024-11-08 10:53:00,653,fire_hydrant,0.74,75,14,339,154,0,0,0,
2024-11-08 10:54:00,654,fire_hydrant,0.61,173,427,271,868,0,0,0,
2024-11-08 10:55:00,655,fire_hydrant,0.87,483,488,681,490,0,0,0,
2024-11-08 10:56:00,656,motorbike,0.94,345,90,541,219,0,0,0,
2024-11-08 10:57:00,657,truck,0.76,455,213,925,420,0,1,0,
2024-11-08 10:58:00,658,motorbike,0.7,46,316,522,769,0,0,0,
2024-11-08 10:59:00,659,bus,0.64,204,394,253,764,0,0,0,
2024-11-08 11:00:00,660,bus,0.63,445,338,928,658,0,0,0,
2024-11-08 11:01:00,661,motorbike,0.64,305,64,473,484,0,0,0,
2024-11-08 11:02:00,662,car,0.94,220,155,418,161,1,0,0,
2024-11-08 11:03:00,663,fire_hydrant,0.81,198,160,360,343,0,0,0,
2024-11-08 11:04:00,664,ambulance,0.93,468,240,924,442,0,0,1,
2024-11-08 11:05:00,665,truck,0.62,391,62,649,233,0,1,0,
2024-11-08 11:06:00,666,fire_hydrant,0.74,433,12,510,443,0,0,0,
2024-11-08 11:07:00,667,car,0.81,30,338,38,736,1,0,0,
2024-11-08 11:08:00,668,motorbike,0.99,198,273,309,492,0,0,0,
2024-11-08 11:09:00,669,fire_hydrant,0.79,292,113,595,546,0,0,0,
2024-11-08 11:10:00,670,motorbike,0.83,468,339,521,421,0,0,0,
2024-11-08 11:11:00,671,ambulance,0.72,134,327,322,481,0,0,1,
2024-11-08 11:12:00,672,ambulance,0.95,394,446,524,616,0,0,1,
2024-11-08 11:13:00,673,car,0.86,18,238,363,282,1,0,0,
2024-11-08 11:14:00,674,motorbike,0.94,348,292,763,629,0,0,0,
2024-11-08 11:15:00,675,truck,0.74,447,238,544,660,0,1,0,
2024-11-08 11:16:00,676,truck,0.8,150,437,330,773,0,1,0,
2024-11-08 11:17:00,677,motorbike,0.68,50,404,491,560,0,0,0,
2024-11-08 11:18:00,678,bus,0.74,395,434,721,893,0,0,0,
2024-11-08 11:19:00,679,motorbike,0.91,325,240,664,288,0,0,0,
2024-11-08 11:20:00,680,fire_hydrant,0.77,24,276,329,459,0,0,0,
2024-11-08 11:21:00,681,car,0.61,275,267,436,526,1,0,0,
2024-11-08 11:22:00,682,truck,0.87,343,106,506,275,0,1,0,
2024-11-08 11:23:00,683,ambulance,0.88,130,20,610,115,0,0,1,
2024-11-08 11:24:00,684,car,0.61,63,353,333,449,1,0,0,
2024-11-08 11:25:00,685,bus,0.71,333,381,750,455,0,0,0,
2024-11-08 11:26:00,686,truck,0.9,248,193,584,644,0,1,0,
2024-11-08 11:27:00,687,fire_hydrant,0.97,34,249,256,304,0,0,0,
2024-11-08 11:28:00,688,fire_hydrant,0.81,240,57,660,370,0,0,0,
2024-11-08 11:29:00,689,bus,0.87,365,468,688,812,0,0,0,
2024-11-08 11:30:00,690,bus,0.63,46,28,193,297,0,0,0,
2024-11-08 11:31:00,691,motorbike,0.83,192,254,324,487,0,0,0,
2024-11-08 11:32:00,692,ambulance,0.68,94,151,339,294,0,0,1,
2024-11-08 11:33:00,693,motorbike,0.67,69,186,523,608,0,0,0,
2024-11-08 11:34:00,694,bus,0.69,230,399,597,475,0,0,0,
2024-11-08 11:35:00,695,truck,0.65,185,232,381,513,0,1,0,
2024-11-08 11:36:00,696,truck,0.75,72,184,116,330,0,1,0,
2024-11-08 11:37:00,697,truck,0.75,458,483,634,758,0,1,0,
2024-11-08 11:38:00,698,motorbike,0.75,207,405,371,469,0,0,0,
2024-11-08 11:39:00,699,motorbike,0.78,291,351,415,623,0,0,0,
2024-11-08 11:40:00,700,truck,0.68,116,82,384,289,0,1,0,
2024-11-08 11:41:00,701,car,0.97,329,163,491,521,1,0,0,
2024-11-08 11:42:00,702,car,0.73,161,488,244,644,1,0,0,
2024-11-08 11:43:00,703,car,0.75,403,213,549,352,1,0,0,
2024-11-08 11:44:00,704,car,0.87,39,445,427,863,1,0,0,
2024-11-08 11:45:00,705,bus,0.84,220,62,408,291,0,0,0,
2024-11-08 11:46:00,706,car,0.84,466,449,922,625,1,0,0,
2024-11-08 11:47:00,707,bus,0.88,103,308,294,695,0,0,0,
2024-11-08 11:48:00,708,bus,0.7,334,289,688,459,0,0,0,
2024-11-08 11:49:00,709,ambulance,0.77,253,247,576,449,0,0,1,
2024-11-08 11:50:00,710,truck,0.91,395,116,645,134,0,1,0,
2024-11-08 11:51:00,711,car,0.61,12,140,187,616,1,0,0,
2024-11-08 11:52:00,712,ambulance,0.64,156,154,487,643,0,0,1,
2024-11-08 11:53:00,713,truck,0.75,463,419,497,422,0,1,0,
2024-11-08 11:54:00,714,car,0.76,364,223,418,344,1,0,0,
2024-11-08 11:55:00,715,motorbike,0.83,139,86,156,90,0,0,0,
2024-11-08 11:56:00,716,truck,0.95,190,203,618,550,0,1,0,
2024-11-08 11:57:00,717,bus,0.91,123,378,312,728,0,0,0,
2024-11-08 11:58:00,718,fire_hydrant,0.64,478,264,706,757,0,0,0,
2024-11-08 11:59:00,719,bus,0.97,453,198,454,378,0,0,0,
2024-11-08 12:00:00,720,ambulance,0.95,331,164,575,504,0,0,1,
2024-11-08 12:01:00,721,truck,0.73,416,101,674,453,0,1,0,
2024-11-08 12:02:00,722,motorbike,0.94,267,232,342,471,0,0,0,
2024-11-08 12:03:00,723,car,0.66,417,25,690,265,1,0,0,
2024-11-08 12:04:00,724,fire_hydrant,0.74,54,27,240,198,0,0,0,
2024-11-08 12:05:00,725,fire_hydrant,0.95,387,191,856,297,0,0,0,
2024-11-08 12:06:00,726,fire_hydrant,0.66,99,318,563,656,0,0,0,
2024-11-08 12:07:00,727,ambulance,0.94,240,97,690,112,0,0,1,
2024-11-08 12:08:00,728,truck,0.79,281,308,433,790,0,1,0,
2024-11-08 12:09:00,729,bus,0.68,323,29,391,155,0,0,0,
2024-11-08 12:10:00,730,bus,0.66,65,32,360,34,0,0,0,
2024-11-08 12:11:00,731,bus,0.78,266,291,310,602,0,0,0,
2024-11-08 12:12:00,732,bus,0.82,140,287,166,689,0,0,0,
2024-11-08 12:13:00,733,motorbike,0.82,318,339,454,797,0,0,0,
2024-11-08 12:14:00,734,ambulance,0.66,53,216,405,554,0,0,1,
2024-11-08 12:15:00,735,bus,0.86,226,270,605,609,0,0,0,
2024-11-08 12:16:00,736,car,0.85,30,209,389,419,1,0,0,
2024-11-08 12:17:00,737,bus,0.74,234,317,532,725,0,0,0,
2024-11-08 12:18:00,738,truck,0.92,40,217,381,607,0,1,0,
2024-11-08 12:19:00,739,fire_hydrant,0.94,176,368,640,561,0,0,0,
2024-11-08 12:20:00,740,car,0.76,340,384,613,793,1,0,0,
2024-11-08 12:21:00,741,ambulance,0.6,220,313,486,466,0,0,1,
2024-11-08 12:22:00,742,motorbike,0.69,314,279,500,728,0,0,0,
2024-11-08 12:23:00,743,ambulance,0.82,115,99,607,107,0,0,1,
2024-11-08 12:24:00,744,motorbike,0.82,105,288,124,652,0,0,0,
2024-11-08 12:25:00,745,truck,0.66,299,472,614,879,0,1,0,
2024-11-08 12:26:00,746,bus,0.89,184,410,483,711,0,0,0,
2024-11-08 12:27:00,747,truck,0.82,398,346,495,367,0,1,0,
2024-11-08 12:28:00,748,car,0.87,363,446,727,739,1,0,0,
2024-11-08 12:29:00,749,fire_hydrant,0.91,215,21,394,307,0,0,0,
2024-11-08 12:30:00,750,truck,0.74,43,442,414,698,0,1,0,
2024-11-08 12:31:00,751,fire_hydrant,0.9,40,465,538,591,0,0,0,
2024-11-08 12:32:00,752,ambulance,0.6,112,350,305,667,0,0,1,
2024-11-08 12:33:00,753,bus,0.95,146,94,163,218,0,0,0,
2024-11-08 12:34:00,754,bus,0.78,167,157,313,441,0,0,0,
2024-11-08 12:35:00,755,ambulance,0.86,28,118,359,389,0,0,1,
2024-11-08 12:36:00,756,car,0.9,9,257,140,489,1,0,0,
2024-11-08 12:37:00,757,ambulance,0.94,387,159,768,496,0,0,1,
2024-11-08 12:38:00,758,truck,0.85,151,60,359,479,0,1,0,
2024-11-08 12:39:00,759,ambulance,0.79,87,330,285,492,0,0,1,
2024-11-08 12:40:00,760,car,0.64,221,69,571,222,1,0,0,
2024-11-08 12:41:00,761,truck,0.75,499,355,910,448,0,1,0,
2024-11-08 12:42:00,762,motorbike,0.96,327,104,332,128,0,0,0,
2024-11-08 12:43:00,763,car,0.84,213,21,700,271,1,0,0,
2024-11-08 12:44:00,764,motorbike,0.74,118,66,506,379,0,0,0,
2024-11-08 12:45:00,765,bus,0.81,421,56,621,158,0,0,0,
2024-11-08 12:46:00,766,bus,0.7,289,326,456,414,0,0,0,
2024-11-08 12:47:00,767,fire_hydrant,0.62,72,457,330,907,0,0,0,
2024-11-08 12:48:00,768,truck,0.67,403,405,614,839,0,1,0,
2024-11-08 12:49:00,769,truck,0.96,198,366,524,759,0,1,0,
2024-11-08 12:50:00,770,fire_hydrant,0.81,125,324,523,378,0,0,0,
2024-11-08 12:51:00,771,ambulance,0.9,387,199,679,386,0,0,1,
2024-11-08 12:52:00,772,truck,0.81,456,68,526,170,0,1,0,
2024-11-08 12:53:00,773,motorbike,0.71,241,86,338,461,0,0,0,
2024-11-08 12:54:00,774,car,0.86,458,1,562,181,1,0,0,
2024-11-08 12:55:00,775,motorbike,0.69,178,61,284,223,0,0,0,
2024-11-08 12:56:00,776,ambulance,0.65,62,268,486,316,0,0,1,
2024-11-08 12:57:00,777,motorbike,0.75,214,18,581,168,0,0,0,
2024-11-08 12:58:00,778,car,0.81,317,174,384,483,1,0,0,
2024-11-08 12:59:00,779,car,0.81,386,359,455,516,1,0,0,
2024-11-08 13:00:00,780,fire_hydrant,0.76,281,188,627,383,0,0,0,
2024-11-08 13:01:00,781,car,0.64,104,320,440,571,1,0,0,
2024-11-08 13:02:00,782,truck,0.94,98,401,437,664,0,1,0,
2024-11-08 13:03:00,783,ambulance,0.63,60,141,254,614,0,0,1,
2024-11-08 13:04:00,784,bus,0.67,85,181,386,639,0,0,0,
2024-11-08 13:05:00,785,fire_hydrant,0.69,496,123,540,358,0,0,0,
2024-11-08 13:06:00,786,truck,0.89,131,217,236,510,0,1,0,
2024-11-08 13:07:00,787,motorbike,0.72,5,365,345,717,0,0,0,
2024-11-08 13:08:00,788,fire_hydrant,0.83,320,167,817,239,0,0,0,
2024-11-08 13:09:00,789,fire_hydrant,0.96,462,385,529,681,0,0,0,
2024-11-08 13:10:00,790,fire_hydrant,0.75,149,193,212,229,0,0,0,
2024-11-08 13:11:00,791,motorbike,0.93,161,405,180,871,0,0,0,
2024-11-08 13:12:00,792,fire_hydrant,0.8,480,181,831,584,0,0,0,
2024-11-08 13:13:00,793,fire_hydrant,0.88,67,64,364,491,0,0,0,
2024-11-08 13:14:00,794,ambulance,0.67,152,275,414,576,0,0,1,
2024-11-08 13:15:00,795,ambulance,0.95,437,374,935,399,0,0,1,
2024-11-08 13:16:00,796,truck,0.63,153,69,489,373,0,1,0,
2024-11-08 13:17:00,797,car,0.79,499,375,858,788,1,0,0,
2024-11-08 13:18:00,798,bus,0.64,208,0,669,313,0,0,0,
2024-11-08 13:19:00,799,truck,0.74,130,471,619,636,0,1,0,
2024-11-08 13:20:00,800,truck,0.69,115,16,330,371,0,1,0,
2024-11-08 13:21:00,801,car,0.61,80,14,188,25,1,0,0,
2024-11-08 13:22:00,802,truck,0.79,76,56,261,103,0,1,0,
2024-11-08 13:23:00,803,bus,0.75,330,100,405,238,0,0,0,
2024-11-08 13:24:00,804,ambulance,0.76,116,136,132,227,0,0,1,
2024-11-08 13:25:00,805,car,0.97,274,116,612,459,1,0,0,
2024-11-08 13:26:00,806,truck,0.92,93,23,95,116,0,1,0,
2024-11-08 13:27:00,807,motorbike,0.83,41,63,214,257,0,0,0,
2024-11-08 13:28:00,808,ambulance,0.93,204,446,469,616,0,0,1,
2024-11-08 13:29:00,809,ambulance,0.75,425,158,673,226,0,0,1,
2024-11-08 13:30:00,810,fire_hydrant,0.82,436,70,767,299,0,0,0,
2024-11-08 13:31:00,811,fire_hydrant,0.81,70,471,516,544,0,0,0,
2024-11-08 13:32:00,812,ambulance,0.87,422,275,448,567,0,0,1,
2024-11-08 13:33:00,813,ambulance,0.78,313,412,386,879,0,0,1,
2024-11-08 13:34:00,814,bus,0.77,443,340,701,539,0,0,0,
2024-11-08 13:35:00,815,truck,0.93,449,47,531,276,0,1,0,
2024-11-08 13:36:00,816,fire_hydrant,0.72,431,205,619,575,0,0,0,
2024-11-08 13:37:00,817,truck,0.99,401,468,854,818,0,1,0,
2024-11-08 13:38:00,818,ambulance,0.83,273,289,730,357,0,0,1,
2024-11-08 13:39:00,819,bus,0.86,268,156,360,312,0,0,0,
2024-11-08 13:40:00,820,bus,0.85,398,241,503,631,0,0,0,
2024-11-08 13:41:00,821,motorbike,0.8,133,304,180,790,0,0,0,
2024-11-08 13:42:00,822,fire_hydrant,0.61,498,301,711,444,0,0,0,
2024-11-08 13:43:00,823,ambulance,0.92,438,361,614,473,0,0,1,
2024-11-08 13:44:00,824,fire_hydrant,0.64,54,247,479,637,0,0,0,
2024-11-08 13:45:00,825,fire_hydrant,0.74,409,405,807,406,0,0,0,
2024-11-08 13:46:00,826,fire_hydrant,0.95,283,246,722,310,0,0,0,
2024-11-08 13:47:00,827,fire_hydrant,0.99,269,206,428,267,0,0,0,
2024-11-08 13:48:00,828,truck,0.74,133,496,314,858,0,1,0,
2024-11-08 13:49:00,829,bus,0.91,270,179,604,402,0,0,0,
2024-11-08 13:50:00,830,truck,0.76,412,249,774,369,0,1,0,
2024-11-08 13:51:00,831,truck,0.76,178,170,427,217,0,1,0,
2024-11-08 13:52:00,832,ambulance,0.91,413,96,737,192,0,0,1,
2024-11-08 13:53:00,833,truck,0.95,425,107,889,519,0,1,0,
2024-11-08 13:54:00,834,ambulance,0.86,356,126,698,288,0,0,1,
2024-11-08 13:55:00,835,truck,0.94,417,274,579,627,0,1,0,
2024-11-08 13:56:00,836,fire_hydrant,0.88,63,124,165,367,0,0,0,
2024-11-08 13:57:00,837,ambulance,0.86,340,245,428,431,0,0,1,
2024-11-08 13:58:00,838,ambulance,0.9,176,123,487,448,0,0,1,
2024-11-08 13:59:00,839,fire_hydrant,0.67,432,386,916,517,0,0,0,
2024-11-08 14:00:00,840,ambulance,0.64,206,437,631,643,0,0,1,
2024-11-08 14:01:00,841,car,0.74,313,399,491,452,1,0,0,
2024-11-08 14:02:00,842,bus,0.68,252,153,303,366,0,0,0,
2024-11-08 14:03:00,843,car,0.84,343,461,463,493,1,0,0,
2024-11-08 14:04:00,844,bus,0.91,274,352,666,708,0,0,0,
2024-11-08 14:05:00,845,motorbike,0.79,131,248,409,457,0,0,0,
2024-11-08 14:06:00,846,motorbike,0.99,31,136,144,218,0,0,0,
2024-11-08 14:07:00,847,bus,0.86,191,233,487,664,0,0,0,
2024-11-08 14:08:00,848,motorbike,0.67,241,296,484,498,0,0,0,
2024-11-08 14:09:00,849,motorbike,0.94,325,37,633,335,0,0,0,
2024-11-08 14:10:00,850,fire_hydrant,0.9,95,151,399,284,0,0,0,
2024-11-08 14:11:00,851,ambulance,0.64,210,70,216,505,0,0,1,
2024-11-08 14:12:00,852,car,0.8,79,166,356,293,1,0,0,
2024-11-08 14:13:00,853,bus,0.81,0,160,339,413,0,0,0,
2024-11-08 14:14:00,854,motorbike,0.77,367,102,395,226,0,0,0,
2024-11-08 14:15:00,855,ambulance,0.75,142,205,625,362,0,0,1,
2024-11-08 14:16:00,856,truck,0.63,280,456,481,568,0,1,0,
2024-11-08 14:17:00,857,bus,0.63,432,123,774,251,0,0,0,
2024-11-08 14:18:00,858,truck,0.82,345,113,785,573,0,1,0,
2024-11-08 14:19:00,859,ambulance,0.99,457,248,725,515,0,0,1,
2024-11-08 14:20:00,860,truck,0.75,257,77,703,293,0,1,0,
2024-11-08 14:21:00,861,bus,0.75,240,359,587,762,0,0,0,
2024-11-08 14:22:00,862,car,0.91,92,158,312,630,1,0,0,
2024-11-08 14:23:00,863,bus,1.0,119,146,123,442,0,0,0,
2024-11-08 14:24:00,864,bus,0.8,199,10,221,358,0,0,0,
2024-11-08 14:25:00,865,ambulance,0.64,274,356,640,576,0,0,1,
2024-11-08 14:26:00,866,truck,0.91,40,89,230,438,0,1,0,
2024-11-08 14:27:00,867,car,0.73,83,279,289,335,1,0,0,
2024-11-08 14:28:00,868,car,0.82,121,328,575,686,1,0,0,
2024-11-08 14:29:00,869,ambulance,0.63,381,294,576,350,0,0,1,
2024-11-08 14:30:00,870,bus,0.8,424,184,489,558,0,0,0,
2024-11-08 14:31:00,871,fire_hydrant,0.8,362,44,421,330,0,0,0,
2024-11-08 14:32:00,872,car,0.68,165,498,400,532,1,0,0,
2024-11-08 14:33:00,873,fire_hydrant,0.67,406,445,449,478,0,0,0,
2024-11-08 14:34:00,874,fire_hydrant,0.69,72,141,126,559,0,0,0,
2024-11-08 14:35:00,875,car,0.75,318,392,810,632,1,0,0,
2024-11-08 14:36:00,876,truck,0.76,206,96,409,528,0,1,0,
2024-11-08 14:37:00,877,bus,0.66,407,150,556,273,0,0,0,
2024-11-08 14:38:00,878,bus,0.9,179,56,193,529,0,0,0,
2024-11-08 14:39:00,879,truck,0.78,335,233,612,356,0,1,0,
2024-11-08 14:40:00,880,car,0.81,319,215,722,672,1,0,0,
2024-11-08 14:41:00,881,motorbike,0.78,24,456,100,668,0,0,0,
2024-11-08 14:42:00,882,motorbike,0.97,297,109,774,547,0,0,0,
2024-11-08 14:43:00,883,car,0.64,257,215,342,478,1,0,0,
2024-11-08 14:44:00,884,truck,0.95,162,31,388,250,0,1,0,
2024-11-08 14:45:00,885,car,0.74,48,305,391,589,1,0,0,
2024-11-08 14:46:00,886,bus,0.73,436,252,890,290,0,0,0,
2024-11-08 14:47:00,887,ambulance,0.98,259,77,696,120,0,0,1,
2024-11-08 14:48:00,888,ambulance,0.64,406,288,881,390,0,0,1,
2024-11-08 14:49:00,889,ambulance,0.77,376,469,646,581,0,0,1,
2024-11-08 14:50:00,890,motorbike,0.72,277,268,309,324,0,0,0,
2024-11-08 14:51:00,891,ambulance,0.67,43,114,288,416,0,0,1,
2024-11-08 14:52:00,892,ambulance,0.79,481,329,791,420,0,0,1,
2024-11-08 14:53:00,893,car,0.77,289,498,602,645,1,0,0,
2024-11-08 14:54:00,894,car,0.75,143,368,250,591,1,0,0,
2024-11-08 14:55:00,895,truck,0.64,15,418,375,566,0,1,0,
2024-11-08 14:56:00,896,truck,0.71,145,301,289,625,0,1,0,
2024-11-08 14:57:00,897,ambulance,1.0,250,362,255,697,0,0,1,
2024-11-08 14:58:00,898,fire_hydrant,0.8,454,103,549,383,0,0,0,
2024-11-08 14:59:00,899,fire_hydrant,0.88,55,282,541,572,0,0,0,
2024-11-08 15:00:00,900,car,0.66,41,106,57,391,1,0,0,
2024-11-08 15:01:00,901,fire_hydrant,0.8,331,358,529,551,0,0,0,
2024-11-08 15:02:00,902,truck,0.97,471,163,532,320,0,1,0,
2024-11-08 15:03:00,903,bus,0.83,443,395,875,885,0,0,0,
2024-11-08 15:04:00,904,motorbike,0.69,461,19,715,482,0,0,0,
2024-11-08 15:05:00,905,motorbike,0.74,374,176,774,184,0,0,0,
2024-11-08 15:06:00,906,motorbike,0.76,244,179,627,251,0,0,0,
2024-11-08 15:07:00,907,bus,0.86,238,23,585,257,0,0,0,
2024-11-08 15:08:00,908,car,0.81,311,355,565,672,1,0,0,
2024-11-08 15:09:00,909,bus,1.0,357,293,385,740,0,0,0,
2024-11-08 15:10:00,910,car,0.96,126,247,372,414,1,0,0,
2024-11-08 15:11:00,911,ambulance,0.99,256,482,554,700,0,0,1,
2024-11-08 15:12:00,912,bus,0.7,285,425,706,605,0,0,0,
2024-11-08 15:13:00,913,car,0.74,211,243,261,271,1,0,0,
2024-11-08 15:14:00,914,motorbike,0.98,356,195,557,240,0,0,0,
2024-11-08 15:15:00,915,bus,0.91,300,209,400,618,0,0,0,
2024-11-08 15:16:00,916,truck,0.9,214,65,330,378,0,1,0,
2024-11-08 15:17:00,917,bus,0.71,17,347,219,514,0,0,0,
2024-11-08 15:18:00,918,bus,0.91,196,91,631,215,0,0,0,
2024-11-08 15:19:00,919,car,0.72,124,356,308,423,1,0,0,
2024-11-08 15:20:00,920,truck,0.64,59,433,215,472,0,1,0,
2024-11-08 15:21:00,921,car,0.67,330,290,709,508,1,0,0,
2024-11-08 15:22:00,922,truck,0.87,62,18,71,427,0,1,0,
2024-11-08 15:23:00,923,bus,0.73,222,140,501,316,0,0,0,
2024-11-08 15:24:00,924,fire_hydrant,0.93,5,281,257,282,0,0,0,
2024-11-08 15:25:00,925,car,1.0,282,411,383,905,1,0,0,
2024-11-08 15:26:00,926,motorbike,0.6,267,383,739,634,0,0,0,
2024-11-08 15:27:00,927,car,0.97,451,455,694,794,1,0,0,
2024-11-08 15:28:00,928,bus,0.64,249,26,415,419,0,0,0,
2024-11-08 15:29:00,929,motorbike,0.81,130,114,160,271,0,0,0,
2024-11-08 15:30:00,930,fire_hydrant,0.86,201,225,499,585,0,0,0,
2024-11-08 15:31:00,931,car,0.95,195,255,691,709,1,0,0,
2024-11-08 15:32:00,932,truck,0.86,16,394,425,554,0,1,0,
2024-11-08 15:33:00,933,car,0.63,440,128,615,338,1,0,0,
2024-11-08 15:34:00,934,car,0.67,181,120,365,535,1,0,0,
2024-11-08 15:35:00,935,ambulance,0.64,496,499,879,828,0,0,1,
2024-11-08 15:36:00,936,fire_hydrant,0.63,139,178,282,569,0,0,0,
2024-11-08 15:37:00,937,fire_hydrant,0.77,177,17,411,148,0,0,0,
2024-11-08 15:38:00,938,fire_hydrant,0.83,274,121,338,463,0,0,0,
2024-11-08 15:39:00,939,bus,0.65,457,353,841,362,0,0,0,
2024-11-08 15:40:00,940,truck,0.82,21,410,240,637,0,1,0,
2024-11-08 15:41:00,941,truck,0.65,136,429,192,863,0,1,0,
2024-11-08 15:42:00,942,bus,0.93,497,157,994,608,0,0,0,
2024-11-08 15:43:00,943,fire_hydrant,0.71,242,244,407,386,0,0,0,
2024-11-08 15:44:00,944,ambulance,0.68,440,60,911,175,0,0,1,
2024-11-08 15:45:00,945,truck,0.78,465,145,513,629,0,1,0,
2024-11-08 15:46:00,946,motorbike,0.78,187,473,369,564,0,0,0,
2024-11-08 15:47:00,947,truck,0.94,346,422,636,630,0,1,0,
2024-11-08 15:48:00,948,truck,0.67,403,43,866,58,0,1,0,
2024-11-08 15:49:00,949,bus,0.89,196,187,558,428,0,0,0,
2024-11-08 15:50:00,950,bus,0.94,387,366,620,753,0,0,0,
2024-11-08 15:51:00,951,fire_hydrant,0.78,311,132,559,244,0,0,0,
2024-11-08 15:52:00,952,ambulance,0.74,202,112,614,553,0,0,1,
2024-11-08 15:53:00,953,car,0.94,183,190,363,589,1,0,0,
2024-11-08 15:54:00,954,motorbike,0.63,452,17,925,347,0,0,0,
2024-11-08 15:55:00,955,bus,0.97,202,311,700,742,0,0,0,
2024-11-08 15:56:00,956,fire_hydrant,0.85,444,455,769,871,0,0,0,
2024-11-08 15:57:00,957,car,0.91,358,446,731,587,1,0,0,
2024-11-08 15:58:00,958,motorbike,0.65,188,432,664,556,0,0,0,
2024-11-08 15:59:00,959,bus,0.63,229,487,265,930,0,0,0,
2024-11-08 16:00:00,960,motorbike,0.68,287,263,471,342,0,0,0,
2024-11-08 16:01:00,961,fire_hydrant,1.0,313,404,506,771,0,0,0,
2024-11-08 16:02:00,962,ambulance,0.87,395,310,854,601,0,0,1,
2024-11-08 16:03:00,963,car,0.9,420,379,745,382,1,0,0,
2024-11-08 16:04:00,964,truck,0.81,24,118,367,571,0,1,0,
2024-11-08 16:05:00,965,fire_hydrant,0.87,122,131,253,134,0,0,0,
2024-11-08 16:06:00,966,ambulance,0.73,429,423,520,921,0,0,1,
2024-11-08 16:07:00,967,ambulance,0.66,446,92,476,318,0,0,1,
2024-11-08 16:08:00,968,ambulance,0.81,111,161,266,585,0,0,1,
2024-11-08 16:09:00,969,motorbike,0.69,130,398,182,602,0,0,0,
2024-11-08 16:10:00,970,ambulance,0.8,59,118,542,209,0,0,1,
2024-11-08 16:11:00,971,bus,0.71,227,191,443,313,0,0,0,
2024-11-08 16:12:00,972,bus,0.83,85,210,359,245,0,0,0,
2024-11-08 16:13:00,973,car,0.91,297,160,336,579,1,0,0,
2024-11-08 16:14:00,974,truck,0.7,264,358,616,758,0,1,0,
2024-11-08 16:15:00,975,fire_hydrant,0.96,8,105,294,497,0,0,0,
2024-11-08 16:16:00,976,truck,0.77,344,280,656,627,0,1,0,
2024-11-08 16:17:00,977,ambulance,0.68,82,226,399,436,0,0,1,
2024-11-08 16:18:00,978,truck,0.94,246,130,610,247,0,1,0,
2024-11-08 16:19:00,979,motorbike,0.99,104,182,542,494,0,0,0,
2024-11-08 16:20:00,980,truck,0.94,370,246,404,614,0,1,0,
2024-11-08 16:21:00,981,truck,0.89,310,346,579,577,0,1,0,
2024-11-08 16:22:00,982,truck,0.78,460,46,729,363,0,1,0,
2024-11-08 16:23:00,983,ambulance,0.62,16,15,134,250,0,0,1,
2024-11-08 16:24:00,984,ambulance,0.92,94,153,301,554,0,0,1,
2024-11-08 16:25:00,985,bus,0.91,392,352,764,671,0,0,0,
2024-11-08 16:26:00,986,fire_hydrant,0.87,238,64,423,188,0,0,0,
2024-11-08 16:27:00,987,fire_hydrant,0.63,233,14,400,384,0,0,0,
2024-11-08 16:28:00,988,car,0.71,16,121,265,349,1,0,0,
2024-11-08 16:29:00,989,fire_hydrant,0.93,276,491,733,501,0,0,0,
2024-11-08 16:30:00,990,fire_hydrant,0.72,326,118,504,295,0,0,0,
2024-11-08 16:31:00,991,car,0.63,20,484,424,510,1,0,0,
2024-11-08 16:32:00,992,car,0.61,242,497,308,569,1,0,0,
2024-11-08 16:33:00,993,motorbike,0.72,320,469,610,942,0,0,0,
2024-11-08 16:34:00,994,ambulance,0.63,52,90,134,181,0,0,1,
2024-11-08 16:35:00,995,ambulance,0.97,99,332,564,454,0,0,1,
2024-11-08 16:36:00,996,motorbike,0.67,457,240,650,706,0,0,0,
2024-11-08 16:37:00,997,motorbike,0.73,499,79,734,373,0,0,0,
2024-11-08 16:38:00,998,motorbike,0.61,451,212,699,224,0,0,0,
2024-11-08 16:39:00,999,fire_hydrant,0.68,361,164,383,492,0,0,0,
